{
  "TestBench": "CyPhy.TestBenches.MassSpringDamper_cfg9",
  "VerifTestBench": "CyPhy.TestBenches.verif_MassSpringDamper_cfg9",
  "InstanceMapping": {
    "CyPhy.TestBenches.MassSpringDamper_cfg9": {
      "Name": "MassSpringDamper_cfg9",
      "AbsPath": "/@TestBenches|kind=Testing|relpos=0/@DS|kind=Testing|relpos=0/@MSD_dymola_DS TemporaryFolder|kind=Testing|relpos=0/@MassSpringDamper_cfg9|kind=TestBench|relpos=0",
      "ID": "id-0065-000007f6",
      "Path": "/@TestBenches/@DS/@MSD_dymola_DS TemporaryFolder/@MassSpringDamper_cfg9",
      "Kind": "TestBench",
      "AVMID": null,
      "Reference": null
    },
    "CyPhy.TestBenches.MassSpringDamper_cfg9.MassSpringDamper": {
      "Name": "MassSpringDamper",
      "AbsPath": "/@TestBenches|kind=Testing|relpos=0/@DS|kind=Testing|relpos=0/@MSD_dymola_DS TemporaryFolder|kind=Testing|relpos=0/@MassSpringDamper_cfg9|kind=TestBench|relpos=0/@MassSpringDamper|kind=ComponentAssembly|relpos=0",
      "ID": "id-0065-00000820",
      "Path": "/@TestBenches/@DS/@MSD_dymola_DS TemporaryFolder/@MassSpringDamper_cfg9/@MassSpringDamper",
      "Kind": "ComponentAssembly",
      "AVMID": null,
      "Reference": null
    },
    "CyPhy.TestBenches.MassSpringDamper_cfg9.MassSpringDamper.Spring_1__Spring_1": {
      "Name": "Spring_1__Spring_1",
      "AbsPath": "/@TestBenches|kind=Testing|relpos=0/@DS|kind=Testing|relpos=0/@MSD_dymola_DS TemporaryFolder|kind=Testing|relpos=0/@MassSpringDamper_cfg9|kind=TestBench|relpos=0/@MassSpringDamper|kind=ComponentAssembly|relpos=0/@Spring_1__Spring_1|kind=Component|relpos=0",
      "ID": "id-0065-0000082a",
      "Path": "/@TestBenches/@DS/@MSD_dymola_DS TemporaryFolder/@MassSpringDamper_cfg9/@MassSpringDamper/@Spring_1__Spring_1",
      "Kind": "Component",
      "AVMID": "{636bb89f-9c0a-4fcb-a444-458bf48a8c47}",
      "Reference": {
        "Name": "Spring_1",
        "AbsPath": "/@Components|kind=Components|relpos=0/@Springs|kind=Components|relpos=0/@Spring_1|kind=Component|relpos=0",
        "ID": "id-0065-0000003d",
        "Path": "/@Components/@Springs/@Spring_1",
        "Kind": "Component",
        "AVMID": "{636bb89f-9c0a-4fcb-a444-458bf48a8c47}",
        "Reference": null
      }
    },
    "CyPhy.TestBenches.MassSpringDamper_cfg9.MassSpringDamper.Damper_1__Damper_1": {
      "Name": "Damper_1__Damper_1",
      "AbsPath": "/@TestBenches|kind=Testing|relpos=0/@DS|kind=Testing|relpos=0/@MSD_dymola_DS TemporaryFolder|kind=Testing|relpos=0/@MassSpringDamper_cfg9|kind=TestBench|relpos=0/@MassSpringDamper|kind=ComponentAssembly|relpos=0/@Damper_1__Damper_1|kind=Component|relpos=0",
      "ID": "id-0065-00000830",
      "Path": "/@TestBenches/@DS/@MSD_dymola_DS TemporaryFolder/@MassSpringDamper_cfg9/@MassSpringDamper/@Damper_1__Damper_1",
      "Kind": "Component",
      "AVMID": "{fe9ff96b-3276-4d50-804c-960a0f5a8151}",
      "Reference": {
        "Name": "Damper_1",
        "AbsPath": "/@Components|kind=Components|relpos=0/@Dampers|kind=Components|relpos=0/@Damper_1|kind=Component|relpos=0",
        "ID": "id-0065-00000091",
        "Path": "/@Components/@Dampers/@Damper_1",
        "Kind": "Component",
        "AVMID": "{fe9ff96b-3276-4d50-804c-960a0f5a8151}",
        "Reference": null
      }
    },
    "CyPhy.TestBenches.MassSpringDamper_cfg9.MassSpringDamper.Mass_1__Mass_5": {
      "Name": "Mass_1__Mass_5",
      "AbsPath": "/@TestBenches|kind=Testing|relpos=0/@DS|kind=Testing|relpos=0/@MSD_dymola_DS TemporaryFolder|kind=Testing|relpos=0/@MassSpringDamper_cfg9|kind=TestBench|relpos=0/@MassSpringDamper|kind=ComponentAssembly|relpos=0/@Mass_1__Mass_5|kind=Component|relpos=0",
      "ID": "id-0065-00000824",
      "Path": "/@TestBenches/@DS/@MSD_dymola_DS TemporaryFolder/@MassSpringDamper_cfg9/@MassSpringDamper/@Mass_1__Mass_5",
      "Kind": "Component",
      "AVMID": "{546bf4eb-1cc3-480b-8544-a4914ba2ffeb}",
      "Reference": {
        "Name": "Mass_5",
        "AbsPath": "/@Components|kind=Components|relpos=0/@Masses|kind=Components|relpos=0/@Mass_5|kind=Component|relpos=0",
        "ID": "id-0065-00000001",
        "Path": "/@Components/@Masses/@Mass_5",
        "Kind": "Component",
        "AVMID": "{546bf4eb-1cc3-480b-8544-a4914ba2ffeb}",
        "Reference": null
      }
    },
    "CyPhy.TestBenches.MassSpringDamper_cfg9.roof": {
      "Name": "roof",
      "AbsPath": "/@TestBenches|kind=Testing|relpos=0/@DS|kind=Testing|relpos=0/@MSD_dymola_DS TemporaryFolder|kind=Testing|relpos=0/@MassSpringDamper_cfg9|kind=TestBench|relpos=0/@roof|kind=TestComponent|relpos=0",
      "ID": "id-0065-00000805",
      "Path": "/@TestBenches/@DS/@MSD_dymola_DS TemporaryFolder/@MassSpringDamper_cfg9/@roof",
      "Kind": "TestComponent",
      "AVMID": null,
      "Reference": null
    },
    "CyPhy.TestBenches.MassSpringDamper_cfg9.SpeedSensor": {
      "Name": "SpeedSensor",
      "AbsPath": "/@TestBenches|kind=Testing|relpos=0/@DS|kind=Testing|relpos=0/@MSD_dymola_DS TemporaryFolder|kind=Testing|relpos=0/@MassSpringDamper_cfg9|kind=TestBench|relpos=0/@SpeedSensor|kind=TestComponent|relpos=0",
      "ID": "id-0065-000007ff",
      "Path": "/@TestBenches/@DS/@MSD_dymola_DS TemporaryFolder/@MassSpringDamper_cfg9/@SpeedSensor",
      "Kind": "TestComponent",
      "AVMID": null,
      "Reference": null
    },
    "CyPhy.TestBenches.MassSpringDamper_cfg9.floor": {
      "Name": "floor",
      "AbsPath": "/@TestBenches|kind=Testing|relpos=0/@DS|kind=Testing|relpos=0/@MSD_dymola_DS TemporaryFolder|kind=Testing|relpos=0/@MassSpringDamper_cfg9|kind=TestBench|relpos=0/@floor|kind=TestComponent|relpos=0",
      "ID": "id-0065-000007f7",
      "Path": "/@TestBenches/@DS/@MSD_dymola_DS TemporaryFolder/@MassSpringDamper_cfg9/@floor",
      "Kind": "TestComponent",
      "AVMID": null,
      "Reference": null
    },
    "CyPhy.TestBenches.MassSpringDamper_cfg9.ConstantForce": {
      "Name": "ConstantForce",
      "AbsPath": "/@TestBenches|kind=Testing|relpos=0/@DS|kind=Testing|relpos=0/@MSD_dymola_DS TemporaryFolder|kind=Testing|relpos=0/@MassSpringDamper_cfg9|kind=TestBench|relpos=0/@ConstantForce|kind=TestComponent|relpos=0",
      "ID": "id-0065-000007fb",
      "Path": "/@TestBenches/@DS/@MSD_dymola_DS TemporaryFolder/@MassSpringDamper_cfg9/@ConstantForce",
      "Kind": "TestComponent",
      "AVMID": null,
      "Reference": null
    }
  },
  "ModelMapping": {
    "CyPhy.ComponentAssemblies.MassSpringDamper.MassSpringDamper": {
      "Name": "MassSpringDamper",
      "AbsPath": "/@TestBenches|kind=Testing|relpos=0/@DS|kind=Testing|relpos=0/@MSD_dymola_DS TemporaryFolder|kind=Testing|relpos=0/@MassSpringDamper_cfg9|kind=TestBench|relpos=0/@MassSpringDamper|kind=ComponentAssembly|relpos=0",
      "ID": "id-0065-00000820",
      "Path": "/@TestBenches/@DS/@MSD_dymola_DS TemporaryFolder/@MassSpringDamper_cfg9/@MassSpringDamper",
      "Kind": "ComponentAssembly",
      "AVMID": null,
      "Reference": null
    },
    "CyPhy.Components.MSD.Components.Springs.Spring_1": {
      "Name": "Spring_1__Spring_1",
      "AbsPath": "/@TestBenches|kind=Testing|relpos=0/@DS|kind=Testing|relpos=0/@MSD_dymola_DS TemporaryFolder|kind=Testing|relpos=0/@MassSpringDamper_cfg9|kind=TestBench|relpos=0/@MassSpringDamper|kind=ComponentAssembly|relpos=0/@Spring_1__Spring_1|kind=Component|relpos=0",
      "ID": "id-0065-0000082a",
      "Path": "/@TestBenches/@DS/@MSD_dymola_DS TemporaryFolder/@MassSpringDamper_cfg9/@MassSpringDamper/@Spring_1__Spring_1",
      "Kind": "Component",
      "AVMID": "{636bb89f-9c0a-4fcb-a444-458bf48a8c47}",
      "Reference": {
        "Name": "Spring_1",
        "AbsPath": "/@Components|kind=Components|relpos=0/@Springs|kind=Components|relpos=0/@Spring_1|kind=Component|relpos=0",
        "ID": "id-0065-0000003d",
        "Path": "/@Components/@Springs/@Spring_1",
        "Kind": "Component",
        "AVMID": "{636bb89f-9c0a-4fcb-a444-458bf48a8c47}",
        "Reference": null
      }
    },
    "CyPhy.Components.MSD.Components.Dampers.Damper_1": {
      "Name": "Damper_1__Damper_1",
      "AbsPath": "/@TestBenches|kind=Testing|relpos=0/@DS|kind=Testing|relpos=0/@MSD_dymola_DS TemporaryFolder|kind=Testing|relpos=0/@MassSpringDamper_cfg9|kind=TestBench|relpos=0/@MassSpringDamper|kind=ComponentAssembly|relpos=0/@Damper_1__Damper_1|kind=Component|relpos=0",
      "ID": "id-0065-00000830",
      "Path": "/@TestBenches/@DS/@MSD_dymola_DS TemporaryFolder/@MassSpringDamper_cfg9/@MassSpringDamper/@Damper_1__Damper_1",
      "Kind": "Component",
      "AVMID": "{fe9ff96b-3276-4d50-804c-960a0f5a8151}",
      "Reference": {
        "Name": "Damper_1",
        "AbsPath": "/@Components|kind=Components|relpos=0/@Dampers|kind=Components|relpos=0/@Damper_1|kind=Component|relpos=0",
        "ID": "id-0065-00000091",
        "Path": "/@Components/@Dampers/@Damper_1",
        "Kind": "Component",
        "AVMID": "{fe9ff96b-3276-4d50-804c-960a0f5a8151}",
        "Reference": null
      }
    },
    "CyPhy.Components.MSD.Components.Masses.Mass_5": {
      "Name": "Mass_1__Mass_5",
      "AbsPath": "/@TestBenches|kind=Testing|relpos=0/@DS|kind=Testing|relpos=0/@MSD_dymola_DS TemporaryFolder|kind=Testing|relpos=0/@MassSpringDamper_cfg9|kind=TestBench|relpos=0/@MassSpringDamper|kind=ComponentAssembly|relpos=0/@Mass_1__Mass_5|kind=Component|relpos=0",
      "ID": "id-0065-00000824",
      "Path": "/@TestBenches/@DS/@MSD_dymola_DS TemporaryFolder/@MassSpringDamper_cfg9/@MassSpringDamper/@Mass_1__Mass_5",
      "Kind": "Component",
      "AVMID": "{546bf4eb-1cc3-480b-8544-a4914ba2ffeb}",
      "Reference": {
        "Name": "Mass_5",
        "AbsPath": "/@Components|kind=Components|relpos=0/@Masses|kind=Components|relpos=0/@Mass_5|kind=Component|relpos=0",
        "ID": "id-0065-00000001",
        "Path": "/@Components/@Masses/@Mass_5",
        "Kind": "Component",
        "AVMID": "{546bf4eb-1cc3-480b-8544-a4914ba2ffeb}",
        "Reference": null
      }
    },
    "CyPhy.TestComponents.roof": {
      "Name": "roof",
      "AbsPath": "/@TestBenches|kind=Testing|relpos=0/@DS|kind=Testing|relpos=0/@MSD_dymola_DS TemporaryFolder|kind=Testing|relpos=0/@MassSpringDamper_cfg9|kind=TestBench|relpos=0/@roof|kind=TestComponent|relpos=0",
      "ID": "id-0065-00000805",
      "Path": "/@TestBenches/@DS/@MSD_dymola_DS TemporaryFolder/@MassSpringDamper_cfg9/@roof",
      "Kind": "TestComponent",
      "AVMID": null,
      "Reference": null
    },
    "CyPhy.TestComponents.SpeedSensor": {
      "Name": "SpeedSensor",
      "AbsPath": "/@TestBenches|kind=Testing|relpos=0/@DS|kind=Testing|relpos=0/@MSD_dymola_DS TemporaryFolder|kind=Testing|relpos=0/@MassSpringDamper_cfg9|kind=TestBench|relpos=0/@SpeedSensor|kind=TestComponent|relpos=0",
      "ID": "id-0065-000007ff",
      "Path": "/@TestBenches/@DS/@MSD_dymola_DS TemporaryFolder/@MassSpringDamper_cfg9/@SpeedSensor",
      "Kind": "TestComponent",
      "AVMID": null,
      "Reference": null
    },
    "CyPhy.TestComponents.floor": {
      "Name": "floor",
      "AbsPath": "/@TestBenches|kind=Testing|relpos=0/@DS|kind=Testing|relpos=0/@MSD_dymola_DS TemporaryFolder|kind=Testing|relpos=0/@MassSpringDamper_cfg9|kind=TestBench|relpos=0/@floor|kind=TestComponent|relpos=0",
      "ID": "id-0065-000007f7",
      "Path": "/@TestBenches/@DS/@MSD_dymola_DS TemporaryFolder/@MassSpringDamper_cfg9/@floor",
      "Kind": "TestComponent",
      "AVMID": null,
      "Reference": null
    },
    "CyPhy.TestComponents.ConstantForce": {
      "Name": "ConstantForce",
      "AbsPath": "/@TestBenches|kind=Testing|relpos=0/@DS|kind=Testing|relpos=0/@MSD_dymola_DS TemporaryFolder|kind=Testing|relpos=0/@MassSpringDamper_cfg9|kind=TestBench|relpos=0/@ConstantForce|kind=TestComponent|relpos=0",
      "ID": "id-0065-000007fb",
      "Path": "/@TestBenches/@DS/@MSD_dymola_DS TemporaryFolder/@MassSpringDamper_cfg9/@ConstantForce",
      "Kind": "TestComponent",
      "AVMID": null,
      "Reference": null
    }
  },
  "ExtendsMapping": {
    "Modelica.Mechanics.Translational.Components.Spring": {
      "Name": "Spring",
      "AbsPath": "/@TestBenches|kind=Testing|relpos=0/@DS|kind=Testing|relpos=0/@MSD_dymola_DS TemporaryFolder|kind=Testing|relpos=0/@MassSpringDamper_cfg9|kind=TestBench|relpos=0/@MassSpringDamper|kind=ComponentAssembly|relpos=0/@Spring_1__Spring_1|kind=Component|relpos=0/@Spring|kind=ModelicaModel|relpos=0",
      "ID": "id-0065-0000082b",
      "Path": "/@TestBenches/@DS/@MSD_dymola_DS TemporaryFolder/@MassSpringDamper_cfg9/@MassSpringDamper/@Spring_1__Spring_1/@Spring",
      "Kind": "ModelicaModel",
      "AVMID": null,
      "Reference": {
        "Name": "Spring",
        "AbsPath": "/@Components|kind=Components|relpos=0/@Springs|kind=Components|relpos=0/@Spring_1|kind=Component|relpos=0/@Spring|kind=ModelicaModel|relpos=0",
        "ID": "id-0065-0000003e",
        "Path": "/@Components/@Springs/@Spring_1/@Spring",
        "Kind": "ModelicaModel",
        "AVMID": null,
        "Reference": null
      }
    },
    "Modelica.Mechanics.Translational.Components.Damper": {
      "Name": "Damper",
      "AbsPath": "/@TestBenches|kind=Testing|relpos=0/@DS|kind=Testing|relpos=0/@MSD_dymola_DS TemporaryFolder|kind=Testing|relpos=0/@MassSpringDamper_cfg9|kind=TestBench|relpos=0/@MassSpringDamper|kind=ComponentAssembly|relpos=0/@Damper_1__Damper_1|kind=Component|relpos=0/@Damper|kind=ModelicaModel|relpos=0",
      "ID": "id-0065-00000832",
      "Path": "/@TestBenches/@DS/@MSD_dymola_DS TemporaryFolder/@MassSpringDamper_cfg9/@MassSpringDamper/@Damper_1__Damper_1/@Damper",
      "Kind": "ModelicaModel",
      "AVMID": null,
      "Reference": {
        "Name": "Damper",
        "AbsPath": "/@Components|kind=Components|relpos=0/@Dampers|kind=Components|relpos=0/@Damper_1|kind=Component|relpos=0/@Damper|kind=ModelicaModel|relpos=0",
        "ID": "id-0065-00000092",
        "Path": "/@Components/@Dampers/@Damper_1/@Damper",
        "Kind": "ModelicaModel",
        "AVMID": null,
        "Reference": null
      }
    },
    "ModifiedMass.MassInitial": {
      "Name": "ModelicaModel",
      "AbsPath": "/@TestBenches|kind=Testing|relpos=0/@DS|kind=Testing|relpos=0/@MSD_dymola_DS TemporaryFolder|kind=Testing|relpos=0/@MassSpringDamper_cfg9|kind=TestBench|relpos=0/@MassSpringDamper|kind=ComponentAssembly|relpos=0/@Mass_1__Mass_5|kind=Component|relpos=0/@ModelicaModel|kind=ModelicaModel|relpos=0",
      "ID": "id-0065-00000827",
      "Path": "/@TestBenches/@DS/@MSD_dymola_DS TemporaryFolder/@MassSpringDamper_cfg9/@MassSpringDamper/@Mass_1__Mass_5/@ModelicaModel",
      "Kind": "ModelicaModel",
      "AVMID": null,
      "Reference": {
        "Name": "ModelicaModel",
        "AbsPath": "/@Components|kind=Components|relpos=0/@Masses|kind=Components|relpos=0/@Mass_5|kind=Component|relpos=0/@ModelicaModel|kind=ModelicaModel|relpos=0",
        "ID": "id-0065-00000002",
        "Path": "/@Components/@Masses/@Mass_5/@ModelicaModel",
        "Kind": "ModelicaModel",
        "AVMID": null,
        "Reference": null
      }
    },
    "Modelica.Mechanics.Translational.Components.Fixed": {
      "Name": "ModelicaModel",
      "AbsPath": "/@TestBenches|kind=Testing|relpos=0/@DS|kind=Testing|relpos=0/@MSD_dymola_DS TemporaryFolder|kind=Testing|relpos=0/@MassSpringDamper_cfg9|kind=TestBench|relpos=0/@roof|kind=TestComponent|relpos=0/@ModelicaModel|kind=ModelicaModel|relpos=0",
      "ID": "id-0065-00000806",
      "Path": "/@TestBenches/@DS/@MSD_dymola_DS TemporaryFolder/@MassSpringDamper_cfg9/@roof/@ModelicaModel",
      "Kind": "ModelicaModel",
      "AVMID": null,
      "Reference": null
    },
    "Modelica.Mechanics.Translational.Sensors.SpeedSensor": {
      "Name": "SpeedSensor",
      "AbsPath": "/@TestBenches|kind=Testing|relpos=0/@DS|kind=Testing|relpos=0/@MSD_dymola_DS TemporaryFolder|kind=Testing|relpos=0/@MassSpringDamper_cfg9|kind=TestBench|relpos=0/@SpeedSensor|kind=TestComponent|relpos=0/@SpeedSensor|kind=ModelicaModel|relpos=0",
      "ID": "id-0065-00000801",
      "Path": "/@TestBenches/@DS/@MSD_dymola_DS TemporaryFolder/@MassSpringDamper_cfg9/@SpeedSensor/@SpeedSensor",
      "Kind": "ModelicaModel",
      "AVMID": null,
      "Reference": null
    },
    "Modelica.Mechanics.Translational.Sources.ConstantForce": {
      "Name": "ConstantForce",
      "AbsPath": "/@TestBenches|kind=Testing|relpos=0/@DS|kind=Testing|relpos=0/@MSD_dymola_DS TemporaryFolder|kind=Testing|relpos=0/@MassSpringDamper_cfg9|kind=TestBench|relpos=0/@ConstantForce|kind=TestComponent|relpos=0/@ConstantForce|kind=ModelicaModel|relpos=0",
      "ID": "id-0065-000007fc",
      "Path": "/@TestBenches/@DS/@MSD_dymola_DS TemporaryFolder/@MassSpringDamper_cfg9/@ConstantForce/@ConstantForce",
      "Kind": "ModelicaModel",
      "AVMID": null,
      "Reference": null
    }
  }
}
