{
  "model_file_name": "package.mo",
  "model_name": "CyPhy.TestBenches.MassSpringDamper_cfg9",
  "verification_model_name": "CyPhy.TestBenches.verif_MassSpringDamper_cfg9",
  "MSL_version": "3.2",
  "result_file": "MassSpringDamper_cfg9",
  "metrics_map": {},
  "lib_package_paths": [
    "../Libraries"
  ],
  "lib_package_names": [
    "ModifiedMass"
  ],
  "experiment": {
    "StartTime": "0",
    "StopTime": "10",
    "NumberOfIntervals": "100",
    "Interval": "0",
    "IntervalMethod": "NumberOfIntervals",
    "Tolerance": "0.0001",
    "Algorithm": {
      "Dymola": "dassl",
      "OpenModelica": "dassl"
    }
  }
}
